study_name,age,sex,race,ma,sa,va,ma_z_score,sa_z_score,va_z_score
A0001,36,F,B,81.18292236,88.57397461,49.5769043,-2.566884663257508,-1.2922660979539824,-0.03789207699850398
A0002,63,M,W,90.3341502,205.9565268,86.38856907,-2.6374684229351937,0.09812830083762986,-1.1927079807752667
A0003,51,M,B,170.920138,340.5376728,264.9795347,-0.427172623948908,1.1055924848380791,0.5353192308391698
A0004,71,F,W,99.55878162,146.4274726,37.50441845,-0.3073055613960889,-0.9594534609474281,-1.3244486389463432
A0005,43,F,B,91.81902042,40.49885708,13.6878051,-1.847121156704247,-2.110610920665374,-1.3116070540122693
A0006,81,M,W,131.4473985,289.84909,255.5504517,,,
A0007,46,M,B,143.4193118,200.7001954,208.0131348,-1.470748709649408,0.04870616188018578,0.25443093193648825
A0008,68,M,O,158.9032166,124.2511743,173.0477277,-0.08490607786155231,-0.9108890244733832,-0.46883257792375793
