study_name,age,sex,race,ma,sa,va,,,
A0001,36,F,B,81.18292236,88.57397461,49.5769043,-2.01349055,-2.039021593,-1.148969997
A0002,63,M,W,90.3341502,205.9565268,86.38856907,-2.642803038,0.151957034,-1.27161337
A0003,51,M,B,170.920138,340.5376728,264.9795347,-0.52148001,1.006910274,1.249217126
A0004,71,F,W,99.55878162,146.4274726,37.50441845,-0.544904482,-0.91903222,-1.17372899
A0005,43,F,B,91.81902042,40.49885708,13.6878051,-1.600674922,-2.790754757,-1.919121275
A0006,81,M,W,131.4473985,289.84909,255.5504517,-0.997860926,1.094410775,0.131630958
A0007,77,M,B,143.4193118,200.7001954,208.0131348,,,
A0008,87,M,O,158.9032166,124.2511743,173.0477277,,,
