study_name,age,sex,race,ma,sa,va,ma_z_score,sa_z_score,va_z_score
A0001,36,F,B,81.18292236,88.57397461,49.5769043,-2.38209319806005,-1.6260282280235647,-0.1843582182853569
A0002,63,M,W,90.3341502,205.9565268,86.38856907,-2.6728611339431962,0.05206140492103317,-1.2496450216611794
A0003,51,M,B,170.920138,340.5376728,264.9795347,-0.5065152422384508,1.01610757741692,1.219736012229017
A0004,71,F,W,99.55878162,146.4274726,37.50441845,-0.26968129098731697,-0.8893184128362521,-1.2629096139490072
A0005,43,F,B,91.81902042,40.49885708,13.6878051,-1.9602754752954938,-2.7521946805643513,-1.5344969433060651
A0006,81,M,W,131.4473985,289.84909,255.5504517,-0.4006968726129696,1.3085554467168934,0.2245774802526728
A0007,46,M,B,143.4193118,200.7001954,208.0131348,-1.4405349050119118,0.13823586798984855,0.8189689406100173
A0008,68,M,O,158.9032166,124.2511743,173.0477277,,,
